model_name,manufacturer,screen_size,cpu,ram,gpu,cluster,sale
110-15ACL (A6-7310/4GB/500GB/W10),13,16,4,8,2,1,530322000
14-am079na (N3710/8GB/2TB/W10),10,12,5,13,4,1,1622803500
15-AC110nv (i7-6500U/6GB/1TB/Radeon,10,16,5,10,2,1,36165102000
15-AY023na (N3710/8GB/2TB/W10),10,16,5,13,4,1,1430312000
15-ay047nv (i3-6006U/6GB/1TB/Radeon,10,16,5,10,2,1,3384948000
15-BA015wm (E2-7110/4GB/500GB/W10),10,16,4,8,2,1,578150000
15-ba043na (A12-9700P/8GB/2TB/W10),10,16,4,13,2,1,7711452500
15-bs002nv (i3-6006U/4GB/128GB/FHD/W10),10,16,5,8,4,1,1684415500
15-bs005nv (i3-6006U/4GB/1TB,10,16,5,8,2,1,3728975500
15-bs011nv (i7-7500U/4GB/500GB/Radeon,10,16,5,8,2,1,10464523500
15-bs012nv (i7-7500U/8GB/1TB/Radeon,10,16,5,13,2,1,12501187500
15-bs015dx (i5-7200U/8GB/1TB/W10),10,16,5,13,4,1,4175880000
15-bs017nv (i7-7500U/8GB/256GB/Radeon,10,16,5,13,2,1,10577810000
15-bs018nq (i3-6006U/4GB/500GB/FHD/No,10,16,5,8,4,1,386131000
15-bs023nv (i3-6006U/4GB/1TB/FHD/W10),10,16,5,8,4,1,3285545500
15-bs024nv (i5-7200U/8GB/128GB/W10),10,16,5,13,4,1,6847683000
15-bs025nv (i5-7200U/8GB/256GB/W10),10,16,5,13,4,1,6672452000
15-BS026nv (i5-7200U/8GB/256GB/Radeon,10,16,5,13,2,1,6891189000
15-BS028nv (i3-6006U/4GB/1TB/Radeon,10,16,5,8,2,1,3577079000
15-bs053od (i7-7500U/6GB/1TB/W10),10,16,5,10,4,1,6665435500
15-bs078cl (i7-7500U/8GB/2TB/W10),10,16,5,13,4,1,7307749500
15-BS078nr (i7-7500U/8GB/1TB/W10),10,16,5,13,4,1,7375377500
15-BS101nv (i7-8550U/8GB/256GB/FHD/W10),10,16,5,13,4,1,7773143500
15-BS103nv (i5-8250U/6GB/256GB/Radeon,10,16,5,10,2,1,6563119000
15-bs190od (i5-8250U/4GB/1TB/W10),10,16,5,8,4,1,3715173500
15-bw000nv (E2-9000e/4GB/500GB/Radeon,10,16,4,8,2,1,358467500
15-bw002nv (A6-9220/4GB/256GB/Radeon,10,16,4,8,2,1,3210627500
15-bw003nv (A9-Series-9420/4GB/256GB/FHD/W10),10,16,4,8,2,1,3024624000
15-BW004nv (A9-9420/4GB/256GB/Radeon,10,16,4,8,2,1,3671754500
15-bw007nv (A10-9620P/6GB/128GB/Radeon,10,16,4,10,2,1,4334696500
15-bw009nv (A12-9720P/6GB/1TB/Radeon,10,16,4,10,2,1,3621060500
15-bw011nv (A6-9220/4GB/1TB/FHD/W10),10,16,4,8,2,1,1612855500
15-BW037na (A9-9420/4GB/1TB/Radeon,10,16,4,8,2,1,3447847000
15-BW091ND (A9-9420/6GB/1TB,10,16,4,10,2,1,7214533000
15-BW094nd (A6-9220/8GB/128GB/W10),10,16,4,13,2,1,1779293500
15-cb003na (i5-7300HQ/8GB/1TB,10,16,5,13,5,1,20873301000
15-cd005nv (A9-9420/6GB/256GB/Radeon,10,16,4,10,2,1,7058711500
15-ra044nv (N3060/4GB/500GB/W10),10,16,5,8,4,1,441442500
15-rb013nv (E2-9000e/4GB/500GB/W10),10,16,4,8,2,1,400170500
17-ak001nv (A6-9220/4GB/500GB/Radeon,10,18,4,8,2,1,1941961000
17-ak002nv (A10-9620P/6GB/2TB/Radeon,10,18,4,10,2,1,6901155000
17-AK091ND (A9-9420/8GB/1TB/W10),10,17,4,13,2,1,3784708000
17-bs000nv I3,10,18,5,8,2,1,11570705000
17-bs001nv (i5-7200U/6GB/2TB/Radeon,10,18,5,10,2,1,10512001500
17-BS037cl (i3-6006U/8GB/1TB/W10),10,18,5,13,4,1,3385018500
17-BS092ND (i3-6006U/8GB/256GB/W10),10,18,5,13,4,1,6664782000
17-X047na (i3-6006U/8GB/1TB/W10),10,18,5,13,4,1,3885379500
17-Y002nv (A10-9600P/6GB/2TB/Radeon,10,18,4,10,2,1,4214533000
250 G4,10,16,5,8,4,1,3510477000
250 G5,10,16,5,13,4,1,14470941500
250 G6,10,16,5,8,4,1,74419003500
255 G6,10,16,4,8,2,1,5753855500
320-15ISK (i3-6006U/4GB/1TB/GeForce,13,16,5,8,5,1,2176658500
A541NA-GO342 (N3350/4GB/500GB/Linux),5,16,5,8,4,1,246263000
A715-71G-59DH (i5-7300HQ/8GB/1TB/GeForce,3,16,5,13,5,1,11688571000
Alienware 15,7,16,5,3,5,0,32591813500
Alienware 17,7,18,5,7,5,1,68572647000
Aspire 1,3,12,5,8,4,1,501233000
Aspire 3,3,16,4,8,2,1,22922468000
Aspire 5,3,18,5,8,5,1,58936814000
Aspire 7,3,16,5,13,5,1,63784961000
Aspire A315-31,3,16,5,8,4,1,858263000
Aspire A315-51,3,16,5,8,4,1,5587123000
Aspire A515-51G,3,16,5,8,5,1,45327241500
Aspire A515-51G-32MX,3,16,5,8,5,1,3793910000
Aspire A515-51G-37JS,3,16,5,8,5,1,4046051500
Aspire A515-51G-59QF,3,16,5,8,5,1,7400858000
Aspire A517-51G,3,18,5,13,5,1,53750899500
Aspire A715-71G,3,16,5,13,5,1,23187827500
Aspire E5-475,3,12,5,13,4,1,1507069500
Aspire E5-575,3,16,5,8,4,1,7633241000
Aspire E5-576G,3,16,5,8,5,1,50496061500
Aspire E5-774G,3,18,5,13,5,1,7612745500
Aspire ES1-523,3,16,4,8,2,1,3509577000
Aspire ES1-531,3,16,5,8,4,1,1262004500
Aspire ES1-533,3,16,5,8,4,1,1457549000
Aspire ES1-572,3,16,5,8,4,1,3896366000
Aspire F5-573G,3,16,5,13,5,1,15733176500
Aspire F5-573G-510L,3,16,5,2,5,0,22812077500
Aspire R7,3,9,5,13,4,1,23364654500
Aspire VX5-591G,3,16,5,3,5,0,22829173500
B51-80 (i5-6200U/8GB/1008GB/Radeon,13,16,5,13,2,1,13430726000
B51-80 (i5-6200U/8GB/1TB/Radeon,13,16,5,13,2,1,6751577500
B51-80 (i7-6500U/4GB/1008GB/FHD/W7),13,16,5,8,4,1,16694403000
B51-80 (i7-6500U/8GB/1008GB/Radeon,13,16,5,13,2,1,19485347500
Blade Pro,17,18,5,7,5,1,34927479500
Blade Stealth,17,7,5,3,4,0,37013093000
C740-C9QX (3205U/2GB/32GB/Chrome,3,4,5,4,4,0,204876000
CB5-132T-C9KK (N3160/4GB/32GB/Chrome,3,4,5,8,4,1,1780754500
Chromebook 11,3,4,5,8,4,1,2747703500
Chromebook 11,7,4,5,8,4,1,2747703500
Chromebook 11,10,4,5,8,4,1,2747703500
Chromebook 13,10,9,5,8,4,1,7064580000
Chromebook 14,3,12,5,8,4,1,2705937500
Chromebook 15,3,16,5,8,4,1,288865500
Chromebook 3,18,4,5,8,4,1,261201000
Chromebook C202SA,5,4,5,8,4,1,386898500
Chromebook C731-C78G,3,4,5,8,4,1,439300000
Chromebook C738T-C2EJ,3,4,5,8,4,1,1797688000
Chromebook C910-C2ST,3,16,5,4,4,0,319654500
Chromebook CB5-571-C1DZ,3,16,5,8,4,1,601196500
Chromebook Flip,5,7,5,8,4,1,32848013000
Chromebook N23,13,4,5,8,4,1,352359500
Chromebook Plus,18,6,6,8,3,1,7517027000
Chromebook X360,10,4,5,13,4,1,9939262000
E402WA-GA007T (E2-6110/4GB/64GB/W10,5,12,4,8,2,1,370549000
E402WA-GA010T (E2-6110/2GB/32GB/W10),5,12,4,4,2,0,267254000
E5 774G,3,18,5,8,5,1,7005740000
EliteBook 1030,10,9,5,13,4,1,21213202000
EliteBook 1040,10,12,5,13,4,1,74827889000
Elitebook 820,10,7,5,13,4,1,166280457500
EliteBook 840,10,12,5,8,4,1,225641807500
EliteBook 850,10,16,5,13,2,1,148026663500
Elitebook 850,10,16,5,13,4,1,45396775000
EliteBook Folio,10,7,5,13,4,1,21533416500
EliteBook x360,10,9,5,3,4,0,41307431000
ENVY -,10,9,5,13,4,1,19394366500
Envy 13-AB002nv,10,9,5,13,4,1,19457474000
Envy 13-AB020nr,10,9,5,13,4,1,22418568500
Envy 13-AB077cl,10,9,5,13,4,1,23799626000
Envy 13-AD007nv,10,9,5,8,4,1,11269590500
Envy 13-ad009n,10,9,5,13,5,1,21371100500
Envy 17-U275cl,10,18,5,3,5,0,22160489500
Envy x360,10,9,5,3,4,0,17016531000
ES1-523-84K7 (A8-7410/8GB/256GB/FHD/W10),3,16,4,13,2,1,2029056500
Extensa EX2540,3,16,5,8,4,1,1754541000
Extensa EX2540-58KR,3,16,5,8,4,1,4039591000
F756UX-T4201D (i7-7500U/8GB/128GB,5,18,5,13,5,1,18361224500
Flex 5,13,12,5,13,4,1,22769944500
FlexBook Edge,15,4,5,8,4,1,471038500
FX502VM-AS73 (i7-7700HQ/16GB/1TB,5,16,5,3,5,0,12477689500
FX502VM-DM105T (i7-6700HQ/8GB/1TB/GeForce,5,16,5,13,5,1,17743067000
FX502VM-DM560T (i7-7700HQ/8GB/1TB,5,16,5,13,5,1,15965139500
FX503VD-E4022T (i7-7700HQ/8GB/1TB/GeForce,5,16,5,13,5,1,23341902000
FX503VM-E4007T (i7-7700HQ/16GB/1TB,5,16,5,3,5,0,16372589000
FX550IK-DM018T (FX-9830P/8GB/1TB/Radeon,5,16,4,13,2,1,11223898500
FX553VD-DM627T (i5-7300HQ/8GB/1TB,5,16,5,13,5,1,15800630000
FX553VD-FY647T (i7-7700HQ/8GB/256GB/GeForce,5,16,5,13,5,1,22722836000
FX753VD-GC007T (i7-7700HQ/8GB/1TB,5,18,5,13,5,1,20228233500
FX753VD-GC071T (i7-7700HQ/8GB/1TB/GeForce,5,18,5,13,5,1,17957421500
FX753VD-GC086T (i5-7300HQ/8GB/1TB,5,18,5,13,5,1,22735937500
FX753VD-GC461T (i7-7700HQ/16GB/1TB,5,18,5,3,5,0,12141536500
FX753VE-GC093 (i7-7700HQ/12GB/1TB/GeForce,5,18,5,2,5,0,21824055000
FX753VE-GC155T (i7-7700HQ/16GB/1TB,5,18,5,3,5,0,18002088000
G701VO-IH74K (i7-6820HK/32GB/2x,5,18,5,7,5,1,19743369000
G752VY-GC162T (i7-6700HQ/16GB/1TB,5,18,5,3,5,0,3534543500
GE62 Apache,14,16,5,13,5,1,20674581000
GE63VR 7RE,14,16,5,3,5,0,12790426500
GE63VR 7RF,14,16,5,3,5,0,10162791000
GE72 Apache,14,18,5,13,5,1,10755032000
GE72MVR 7RG,14,18,5,3,5,0,13085035500
GE72VR 6RF,14,18,5,3,5,0,11453208500
GE72VR Apache,14,18,5,3,5,0,11553922500
GE73VR 7RE,14,18,5,3,5,0,7466965500
GE73VR 7RF,14,18,5,3,5,0,3049877500
GL553VE-FY082T (i7-7700HQ/8GB/1TB,5,16,5,13,5,1,20654769000
GL62 6QF,14,16,5,13,5,1,19057430500
GL62M (i5-7300HQ/8GB/1TB,14,16,5,13,5,1,21763344500
GL62M 7RD,14,16,5,13,5,1,43232908000
GL62M 7RDX,14,16,5,13,5,1,23648242500
GL62M 7REX,14,16,5,13,5,1,18633375000
GL72M 7RDX,14,18,5,13,5,1,39941595500
GL72M 7REX,14,18,5,13,5,1,34815087000
GP62 7RDX,14,16,5,3,5,0,19348475000
GP62M 7RDX,14,16,5,13,5,1,21538714000
GP62M 7REX,14,16,5,3,5,0,20148383500
GP62M Leopard,14,16,5,13,5,1,19082268000
GP62MVR 6RF,14,16,5,13,5,1,16398481000
GP72M 7REX,14,18,5,3,5,0,18356640500
GP72MVR 7RFX,14,18,5,13,5,1,16519891500
GP72VR Leopard,14,18,5,13,5,1,16182245500
Gram 14Z970,12,12,5,13,4,1,8638037500
Gram 15Z970,12,16,5,3,4,0,9159183000
Gram 15Z975,12,16,5,13,4,1,3013164500
GS40 Phantom,14,12,5,3,5,0,12100515500
GS43VR 7RE,14,12,5,3,5,0,8427219500
GS60 Ghost,14,16,5,3,5,0,8390208500
GS63VR 6RF,14,16,5,3,5,0,8695771500
GS63VR 7RF,14,16,5,3,5,0,12983250500
GS63VR 7RG,14,16,5,3,5,0,2881682000
GS70 Stealth,14,18,5,13,5,1,11080283500
GS73VR 7RF,14,18,5,3,5,0,8282534000
GS73VR 7RG,14,18,5,3,5,0,3138657500
GS73VR Stealth,14,18,5,3,5,0,13432316500
GT62VR 6RD,14,16,5,3,5,0,8434801000
GT62VR 7RE,14,16,5,3,5,0,3859252500
GT72S Dominator,14,18,5,3,5,0,14506598000
GT72VR Dominator,14,18,5,3,5,0,2982654000
GT73EVR 7RE,14,18,5,3,5,0,3477575000
GT73VR Titan,14,18,5,3,5,0,2943543000
GT80S 6QE,14,18,5,3,5,0,3168861000
GT80S 6QF-074US,14,19,5,7,5,1,2703052000
GV62 7RD-1686NL,14,16,5,13,5,1,23400124000
GV62M 7RD,14,16,5,13,5,1,22555918500
IdeaPad 100S-14IBR,13,12,5,4,4,0,1700797000
IdeaPad 110-15IBR,13,16,5,13,4,1,392489000
IdeaPad 110-15ISK,13,16,5,8,2,1,9240519500
IdeaPad 110-17ACL,13,18,4,8,2,1,5409212000
IdeaPad 120S-14IAP,13,12,5,8,4,1,796942500
IdeaPad 300-17ISK,13,18,5,13,2,1,6865710500
IdeaPad 310-15ABR,13,16,4,10,2,1,3679334000
IdeaPad 310-15IKB,13,16,5,10,5,1,49265715000
Ideapad 310-15ISK,13,16,5,8,4,1,2047215500
IdeaPad 310-15ISK,13,16,5,13,4,1,12622082000
IdeaPad 320-14IAP,13,12,5,8,4,1,620224000
IdeaPad 320-15ABR,13,16,4,10,2,1,53855803500
IdeaPad 320-15AST,13,16,4,8,2,1,8483305500
Ideapad 320-15IAP,13,16,5,8,4,1,4487492000
IdeaPad 320-15IKB,13,16,5,8,5,1,61260917500
IdeaPad 320-15IKBN,13,16,5,8,4,1,33102921000
Ideapad 320-15IKBN,13,16,5,10,4,1,6735712000
Ideapad 320-15IKBR,13,16,5,2,4,0,7820390500
IdeaPad 320-15ISK,13,16,5,8,4,1,25079620000
Ideapad 320-15ISK,13,16,5,8,5,1,6672033500
IdeaPad 320-17IKB,13,18,5,10,5,1,75949641500
IdeaPad 320-17IKBR,13,18,5,13,5,1,28064834500
IdeaPad 320-17ISK,13,18,5,8,4,1,3480066000
IdeaPad 320s-14IKB,13,12,5,8,4,1,6540688500
IdeaPad 500-15ISK,13,16,5,3,2,0,21155507000
IdeaPad 510-15IKB,13,16,5,10,5,1,22968310000
IdeaPad 510-15ISK,13,16,5,13,5,1,7385614000
Ideapad 510S-13IKB,13,9,5,8,4,1,3876400500
IdeaPad 510s-14IKB,13,12,5,13,2,1,15360265500
Ideapad 520-15IKBR,13,16,5,13,4,1,18638977000
IdeaPad 520s-14IKB,13,12,5,8,4,1,10408927000
IdeaPad 520S-14IKB,13,12,5,13,4,1,7203309000
Ideapad 700-15ISK,13,16,5,8,5,1,21415230000
IdeaPad 720S-13IKB,13,9,5,13,4,1,21992080000
IdeaPad 720S-14IKB,13,12,5,13,5,1,21695935000
IdeaPad Y700-15ACZ,13,16,4,3,2,0,22832536000
IdeaPad Y700-15ISK,13,16,5,13,5,1,149575487500
IdeaPad Y900-17ISK,13,18,5,3,5,0,11278345000
IdeaPad Y910-17ISK,13,18,5,7,5,1,3017395000
Inspiron 3168,7,4,5,8,4,1,3302419500
Inspiron 3179,7,4,5,8,4,1,6710429000
Inspiron 3552,7,16,5,4,4,0,11998494000
Inspiron 3567,7,16,5,8,2,1,162908726500
Inspiron 3576,7,16,5,13,2,1,58250721000
Inspiron 5368,7,9,5,13,4,1,23608569000
Inspiron 5370,7,9,5,13,2,1,59265899000
Inspiron 5378,7,9,5,8,4,1,25428206000
Inspiron 5379,7,9,5,13,4,1,77201473000
Inspiron 5567,7,16,5,3,2,0,182927353000
Inspiron 5568,7,16,5,8,4,1,11951222000
Inspiron 5570,7,16,5,13,2,1,316111002000
Inspiron 5577,7,16,5,13,5,1,76379907500
Inspiron 5578,7,14,5,8,4,1,44332642500
Inspiron 5579,7,16,5,13,4,1,75092168000
Inspiron 5767,7,18,5,13,2,1,17554269500
Inspiron 5770,7,18,5,3,2,0,162378410000
Inspiron 7378,7,9,5,2,4,0,37292299500
Inspiron 7559,7,16,5,3,5,0,39584253000
Inspiron 7560,7,16,5,13,5,1,19160166000
Inspiron 7567,7,16,5,13,5,1,186006879500
Inspiron 7570,7,16,5,13,5,1,90215343500
Inspiron 7577,7,16,5,3,5,0,107108878500
Inspiron 7579,7,16,5,13,4,1,44132678000
Inspiron 7773,7,18,5,2,5,0,35665635000
Inspiron 7779,7,18,5,3,5,0,7602081000
Insprion 5767,7,18,5,8,2,1,8052282000
K146 (N3350/4GB/32GB/W10),20,12,5,8,4,1,330196500
K147 (N3350/4GB/32GB/FHD/W10),20,12,5,8,4,1,323828500
K556UR-DM621T (i7-7500U/8GB/256GB/GeForce,5,16,5,13,5,1,11519184500
K756UX-T4340T (i5-7200U/8GB/500GB,5,18,5,13,5,1,18643489000
L403NA-GA013TS (N3350/4GB/32GB/W10),5,12,5,8,4,1,397778000
L502NA-GO052T (N3350/4GB/128GB/W10),5,16,5,8,4,1,1946440500
LapBook 12.3,6,6,5,10,4,1,2320918500
"Lapbook 15,6",6,16,5,8,4,1,358321500
"LapBook 15.6""",6,16,5,8,4,1,367656000
Laptop MSI,14,18,5,3,5,0,9434553000
Latitude 3180,7,4,5,8,4,1,12347655000
Latitude 3380,7,9,5,8,4,1,28643531500
Latitude 3480,7,12,5,8,4,1,18473514000
Latitude 3570,7,16,5,8,4,1,3298944000
Latitude 3580,7,16,5,13,4,1,51536433000
Latitude 5289,7,7,5,13,4,1,13341540500
Latitude 5480,7,12,5,13,4,1,164591450500
Latitude 5490,7,12,5,13,4,1,22405077500
Latitude 5580,7,16,5,8,4,1,223021070000
Latitude 5590,7,16,5,3,4,0,52915303000
Latitude 7280,7,7,5,13,4,1,37647718500
Latitude 7390,7,9,5,13,4,1,8801526000
Latitude 7480,7,12,5,13,4,1,50689013500
Latitude E5270,7,7,5,8,4,1,59076296000
Latitude E5470,7,12,5,13,4,1,11972879500
Latitude E5570,7,16,5,13,4,1,47414995500
Latitude E7270,7,7,5,13,4,1,12771935000
Latitude E7470,7,12,5,13,4,1,27231135500
Legion Y520-15IKBN,13,16,5,8,5,1,376543564000
Legion Y720-15IKB,13,16,5,3,5,0,64926423500
Lenovo IdeaPad,13,4,5,4,4,0,366393000
Leopard GP72M,14,18,5,13,5,1,14802983000
LifeBook A556,8,16,5,8,4,1,7668363500
LifeBook A557,8,16,5,13,4,1,27215298000
"MacBook 12""",4,5,5,13,4,1,117310887500
MacBook Air,4,4,5,8,4,1,66642532500
Macbook Air,4,9,5,13,4,1,40334498000
MacBook Pro,4,15,5,3,4,0,87714298000
MateBook X,11,8,5,13,4,1,32621931000
Mi Notebook,21,16,5,3,5,0,82598429000
N23 (N3060/4GB/128GB/W10),13,4,5,8,4,1,2943232500
N42-20 Chromebook,13,12,5,8,4,1,592295500
Nitro 5,3,16,5,13,5,1,21898265500
Nitro AN515-51,3,16,5,13,5,1,15230061500
Noteb Pav,10,16,5,13,5,1,22853071500
Notebook 9,18,14,5,3,2,0,76261322500
Notebook Odyssey,18,16,5,3,5,0,11211913000
Omen -,10,18,5,13,5,1,23232606000
Omen 15-AX205na,10,16,5,13,5,1,21639059500
Omen 15-ce006nv,10,18,5,2,5,0,7713063500
Omen 15-ce007nv,10,16,5,2,5,0,20577010500
Omen 17-an006nv,10,18,5,2,5,0,9920389000
Omen 17-AN010nv,10,18,5,3,5,0,17648387500
Omen 17-an012dx,10,18,5,2,2,0,12890919000
Omen 17-W006na,10,18,5,13,5,1,15605014500
Omen 17-w207nv,10,18,5,2,5,0,8493097000
Omen 17-w212nv,10,18,5,13,5,1,20128600500
Omen 17-W295,10,18,5,3,5,0,15158646000
Pavilion 14-BK001nv,10,12,5,10,5,1,7991505500
Pavilion 15-AW003nv,10,16,4,10,2,1,11236639500
Pavilion 15-BC000nv,10,16,5,10,5,1,15708087500
Pavilion 15-cb003nv,10,16,5,13,5,1,17907488000
Pavilion 15-CK000nv,10,16,5,13,5,1,11168474000
Pavilion Power,10,16,5,2,5,0,15436814000
Pavilion X360,10,9,5,13,4,1,26699970500
Pavilion x360,10,16,5,8,4,1,7335226500
Pixelbook (Core,9,6,5,3,4,0,42373254500
PL60 7RD,14,16,5,13,5,1,16996766500
PortÃ©gÃ© Z30-C-16K,19,9,5,13,4,1,12183398000
PortÃ©gÃ© Z30-C-188,19,9,5,13,4,1,21970142500
Portege A30-C-1CZ,19,9,5,13,4,1,17898213000
Portege X20W-D-10V,19,7,5,13,4,1,12628882500
Portege X30-D-10J,19,9,5,13,4,1,11410404000
Portege X30-D-10K,19,9,5,3,4,0,9832289000
Portege X30-D-10L,19,9,5,7,4,1,3973115500
Portege X30-D-10V,19,9,5,13,4,1,17062678500
Portege X30-D-10X,19,9,5,8,4,1,19594376000
Portege Z30-C-16H,19,9,5,8,4,1,18971107000
Portege Z30-C-16J,19,9,5,13,4,1,19632411000
Portege Z30-C-16L,19,9,5,13,4,1,16010931500
Portege Z30-C-16P,19,9,5,3,4,0,11463962500
Portege Z30-C-16Z,19,9,5,13,4,1,11809844000
Portege Z30-C-1CV,19,9,5,8,4,1,19216132500
Portege Z30-C-1CW,19,9,5,13,4,1,15675690500
Portege Z30T-C-133,19,9,5,3,4,0,9193475000
Precision 3510,7,16,5,13,2,1,17232565500
Precision 3520,7,16,5,13,5,1,47858186500
Precision 5520,7,16,5,13,5,1,9112614000
Precision 7520,7,16,5,3,5,0,5161195000
Precision 7720,7,18,5,3,5,0,3003392000
Precision M5520,7,16,5,13,5,1,6690360000
Predator 17,3,18,5,3,5,0,8222816000
Predator G9-793,3,18,5,3,5,0,6212675500
Pro P2540UA-AB51,5,16,5,13,4,1,12530571000
Pro P2540UA-XO0192R,5,16,5,8,4,1,16430390500
Pro P2540UA-XO0198T,5,16,5,8,4,1,1635789500
Pro P2540UA-XS51,5,16,5,13,4,1,21527620000
ProBook 430,10,9,5,8,4,1,109037672500
Probook 430,10,9,5,3,4,0,56412907500
Probook 440,10,12,5,13,4,1,115142516000
ProBook 440,10,12,5,13,5,1,114923403000
ProBook 450,10,16,5,8,4,1,282024402000
Probook 450,10,16,5,13,5,1,78640323000
Probook 470,10,18,5,13,5,1,253155253000
ProBook 640,10,12,5,8,4,1,84658234000
Probook 640,10,12,5,13,4,1,39630324000
ProBook 650,10,12,5,8,4,1,101200561000
Probook 650,10,16,5,13,4,1,44441443000
ProBook x360,10,4,5,8,4,1,11978540500
Q304UA-BHI5T11 (i5-7200U/6GB/1TB/FHD/W10),5,9,5,10,4,1,7644382500
Q524UQ-BHI7T15 (i7-7500U/12GB/2TB/GeForce,5,16,5,2,5,0,16501298000
Q534UX-BHI7T19 (i7-7500U/16GB/2TB,5,16,5,3,5,0,11768323500
R417NA-RS01 (N3350/4GB/32GB/W10),5,12,5,8,4,1,440021500
R558UA-DM966T (i5-7200U/8GB/128GB/FHD/W10),5,16,5,13,4,1,6044471000
ROG G701VI,5,18,5,7,5,1,4087024500
Rog G701VIK-BA060T,5,18,5,3,5,0,4328163500
ROG G701VO,5,18,5,11,5,1,5560603000
ROG G703VI-E5062T,5,18,5,7,5,1,5755616500
Rog G752VL-GC088D,5,18,5,3,5,0,23504207000
Rog G752VL-UH71T,5,18,5,5,5,0,20405448000
Rog G752VS-BA171T,5,18,5,3,5,0,3420302500
ROG G752VSK-GC493T,5,18,5,3,5,0,8009524000
Rog G752VT-GC073T,5,18,5,3,5,0,8691891000
Rog G752VY-GC229T,5,18,5,3,5,0,7384309000
Rog GL502VM-DS74,5,16,5,3,5,0,8753214500
Rog GL502VS,5,16,5,3,5,0,3591546000
Rog GL552VW-CN470T,5,16,5,3,5,0,17075932000
Rog GL552VW-DM201T,5,16,5,13,5,1,20846227500
Rog GL553VE-DS74,5,16,5,3,5,0,14547245500
ROG GL553VE-FY022,5,16,5,13,5,1,19600921000
Rog GL553VE-FY052T,5,16,5,3,5,0,11384381500
Rog GL702VM-GC017T,5,18,5,3,5,0,11891585500
Rog GL702VM-GC354T,5,18,5,13,5,1,11570003000
Rog GL702VS-BA023T,5,18,5,3,5,0,3355630000
Rog GL702VS-GC095T,5,18,5,3,5,0,7901789500
ROG GL703VD-GC028T,5,18,5,3,5,0,16913684500
Rog GL752VW-T4308T,5,18,5,13,5,1,19993782500
Rog GL753VD-GC042T,5,18,5,13,5,1,19904476500
Rog GL753VD-GC082T,5,18,5,2,5,0,16298466000
Rog GL753VE-DS74,5,18,5,3,5,0,14019546000
Rog GL753VE-GC070T,5,18,5,3,5,0,11261912000
Rog Strix,5,18,4,13,2,1,63583584000
ROG Strix,5,18,5,13,5,1,45074944500
ROG Zephyrus,5,16,5,5,5,0,4221293500
Satellite Pro,19,16,5,13,5,1,156845198000
SmartBook 130,15,9,5,8,4,1,316144000
SmartBook 140,15,12,5,4,4,0,282343000
SmartBook 141,15,12,5,8,4,1,376905000
Smartbook 142,15,12,5,8,4,1,377375500
SmartBook Edge,15,12,5,8,4,1,3171509500
SP315-51 (i7-7500U/12GB/1TB/FHD/W10),3,16,5,2,4,0,7752157000
SP714-51 (i7-7Y75/8GB/256GB/FHD/W10),3,12,5,13,4,1,22439306500
Spectre 13-V100nv,10,9,5,13,4,1,21018689500
Spectre 13-V111dx,10,9,5,13,4,1,15329006000
Spectre Pro,10,9,5,13,4,1,55800869000
Spectre X360,10,9,5,13,4,1,73511098500
Spin 3,3,16,5,10,4,1,4032658500
Spin 5,3,9,5,13,4,1,42158581000
Spin SP111-31,3,4,5,8,4,1,394736500
Stream 11-Y000na,10,4,5,4,4,0,949101500
Stream 14-AX000nv,10,12,5,4,4,0,316964500
Stream 14-AX001nv,10,12,5,4,4,0,318638000
Stream 14-AX040wm,10,12,5,8,4,1,295215500
Surface Laptop,16,10,5,8,4,1,85726795000
Swift 3,3,12,5,13,4,1,65502459500
Swift 7,3,9,5,13,4,1,23503256000
Swift SF114-31-P5HY,3,12,5,8,4,1,528056500
Tecra A40-C-1DF,19,12,5,13,4,1,19007695500
Tecra A40-C-1E5,19,12,5,8,4,1,24691802000
Tecra A40-C-1KF,19,12,5,8,4,1,21349487500
Tecra A50-C-1ZV,19,16,5,13,4,1,21899912000
Tecra A50-C-218,19,16,5,3,5,0,17608491000
Tecra A50-C-21G,19,16,5,3,5,0,15684188000
Tecra A50-D-11D,19,16,5,13,4,1,15073777500
Tecra A50-D-11M,19,16,5,13,4,1,20462100000
Tecra X40-D-10G,19,12,5,13,4,1,11784163000
Tecra X40-D-10H,19,12,5,3,4,0,7279638500
Tecra X40-D-10Z,19,12,5,8,4,1,21001684000
Tecra Z40-C-12X,19,12,5,8,4,1,23345999500
Tecra Z40-C-12Z,19,12,5,13,4,1,15300044500
Tecra Z40-C-136,19,12,5,13,4,1,14062099000
Tecra Z40-C-161,19,12,5,3,5,0,12513084000
Tecra Z50-C-140,19,16,5,3,5,0,8316564500
Tecra Z50-C-144,19,16,5,13,4,1,15784408000
Tecra Z50-D-10E,19,16,5,13,4,1,20341897500
ThinkPad 13,13,9,5,13,4,1,135421756500
ThinkPad E470,13,12,5,8,4,1,12087404000
Thinkpad E470,13,12,5,13,5,1,35703390000
ThinkPad E480,13,12,5,13,2,1,63242440000
ThinkPad E570,13,16,5,13,4,1,62723858000
ThinkPad E580,13,16,5,13,2,1,40703016500
ThinkPad L460,13,12,5,13,4,1,21428794500
ThinkPad L470,13,12,5,8,4,1,57786870000
Thinkpad L560,13,16,5,13,4,1,20613834500
ThinkPad L570,13,16,5,13,4,1,43013482000
ThinkPad P40,13,12,5,13,5,1,8289714000
Thinkpad P50,13,16,5,3,5,0,3435707000
Thinkpad P51,13,16,5,13,5,1,29391076000
ThinkPad P51s,13,16,5,3,5,0,13345605500
ThinkPad P70,13,18,5,3,5,0,4814493500
Thinkpad P71,13,18,5,13,5,1,3903023500
Thinkpad T460,13,12,5,13,4,1,116627651500
Thinkpad T460p,13,12,5,13,4,1,19139914500
Thinkpad T460s,13,12,5,2,4,0,22487603500
Thinkpad T470,13,12,5,13,4,1,62963547500
Thinkpad T470p,13,12,5,13,5,1,34181142500
ThinkPad T470s,13,12,5,13,4,1,59670480500
ThinkPad T560,13,16,5,13,4,1,29488183000
Thinkpad T570,13,16,5,13,4,1,66232550000
ThinkPad X1,13,12,5,3,4,0,88741098500
Thinkpad X260,13,7,5,13,4,1,21812601000
ThinkPad X270,13,7,5,13,4,1,30435948500
Thinkpad X270,13,7,5,3,4,0,35298566500
Thinkpad Yoga,13,9,5,13,4,1,14921090500
ThinkPad Yoga,13,12,5,13,4,1,86853563000
TMX349-G2-M-50FS (i5-7200U/8GB/256GB/FHD/W10),3,12,5,13,4,1,19222858500
TP501UA-CJ131T (i5-7200U/8GB/1TB/W10),5,16,5,13,4,1,12002238500
TravelMate B,3,4,5,8,4,1,5461152500
TravelMate B117-M,3,4,5,8,4,1,338642000
TravelMate P238-M,3,9,5,8,4,1,7145987500
TravelMate P259-G2,3,16,5,8,4,1,7197330000
UX410UA-GV097T (i3-7100U/4GB/256GB/FHD/W10),5,12,5,8,4,1,11958444000
UX410UA-GV350T (i5-8250U/8GB/256GB/FHD/W10),5,12,5,13,4,1,19527277000
UX430UQ-GV209R (i7-7500U/8GB/256GB/GeForce,5,12,5,13,5,1,19483652500
UX510UX-CN269T (i7-7500U/8GB/256GB,5,12,5,13,4,1,16102264500
V110-15IAP (N3350/4GB/128GB/No,13,16,5,8,4,1,481846000
V110-15IAP (N3350/4GB/1TB/No,13,16,5,8,4,1,223583500
V110-15IKB (i5-7200U/4GB/128GB/W10),13,16,5,8,4,1,3854915500
V110-15ISK (3855U/4GB/500GB/W10),13,16,5,8,4,1,467577500
V110-15ISK (i3-6006U/4GB/128GB/W10),13,16,5,8,4,1,1806781500
V110-15ISK (i3-6006U/4GB/1TB/No,13,16,5,8,4,1,445797000
V110-15ISK (i3-6006U/4GB/1TB/Radeon,13,16,5,8,2,1,1423169000
V110-15ISK (i3-6006U/4GB/500GB/W10),13,16,5,8,4,1,3756925500
V110-15ISK (i5-6200U/4GB/128GB/W10),13,16,5,8,4,1,3540951500
V110-15ISK (i5-6200U/4GB/500GB/No,13,16,5,8,4,1,1598525500
V110-15ISK (i5-6200U/4GB/500GB/W10),13,16,5,8,4,1,4401073500
V131 (X5-Z8350/4GB/32GB/FHD/W10),20,9,5,8,4,1,246913000
V142 (X5-Z8350/2GB/32GB/W10),20,12,5,4,4,0,386538500
V310-15IKB (i5-7200U/4GB/1TB/FHD/W10),13,16,5,8,4,1,7051159000
V310-15IKB (i5-7200U/4GB/1TB/No,13,16,5,8,4,1,3328198000
V310-15IKB (i5-7200U/8GB/1TB,13,16,5,13,2,1,16228455500
V310-15IKB (i7-7500U/4GB/1TB/FHD/W10),13,16,5,8,4,1,12938885000
V310-15ISK (i3-6006U/4GB/128GB/FHD/No,13,16,5,8,4,1,1643409500
V310-15ISK (i3-6006U/4GB/1TB/FHD/W10),13,16,5,8,4,1,2112961500
V310-15ISK (i3-6006U/4GB/500GB/No,13,16,5,8,4,1,1662436500
V310-15ISK (i5-6200U/4GB/1TB/FHD/No,13,16,5,8,4,1,1899421500
V310-15ISK (i5-7200U/4GB/1TB/FHD/W10),13,16,5,8,4,1,3603974000
V310-15ISK (i5-7200U/8GB/1TB,13,16,5,13,2,1,15631346500
V320-17ISK (i3-6006U/4GB/500GB/FHD/No,13,18,5,8,4,1,3676350000
V330-15IKB (i3-7130U/4GB/128GB/FHD/W10),13,16,5,8,4,1,7379771500
V330-15IKB (i5-8250U/4GB/256GB/FHD/W10),13,16,5,8,4,1,16891215000
V330-15IKB (i5-8250U/4GB/500GB/FHD/W10),13,16,5,8,4,1,10284351500
V330-15IKB (i5-8250U/8GB/256GB/FHD/W10),13,16,5,13,4,1,12465731500
V330-15IKB (i7-8550U/8GB/256GB/FHD/W10),13,16,5,13,4,1,17941286500
V510-15IKB (i5-7200U/8GB/256GB/FHD/No,13,16,5,13,4,1,4133205000
VivoBook E12,5,4,5,4,4,0,365903000
Vivobook E200HA,5,4,5,4,4,0,350969000
VivoBook E201NA,5,4,5,8,4,1,408240500
VivoBook E403NA,5,12,5,8,4,1,786893500
VivoBook Flip,5,4,5,8,4,1,1823970500
VivoBook L402NA,5,13,5,8,4,1,612629000
VivoBook Max,5,16,5,8,5,1,15147450000
Vivobook Max,5,16,5,13,4,1,6653268500
VivoBook Pro,5,18,5,13,5,1,55791112000
VivoBook S14,5,12,5,8,4,1,3591193500
VivoBook S15,5,16,5,13,5,1,85392316000
VivoBook X540YA-XX519T,5,16,4,8,2,1,476553500
Vivobook X541UV-DM1217T,5,16,5,13,5,1,11832027500
Vostro 3559,7,16,5,8,4,1,23484484500
Vostro 3568,7,16,5,13,2,1,132043826000
Vostro 5370,7,9,5,13,4,1,22757363500
Vostro 5468,7,12,5,8,4,1,27680266500
Vostro 5471,7,12,5,13,4,1,17873126500
Vostro 5568,7,16,5,13,5,1,131919182000
X505BP-BR019T (A9-9420/4GB/1TB/Radeon,5,16,4,8,2,1,3168390500
X540SA-RBPDN09 (N3710/4GB/1TB/W10),5,16,5,8,4,1,461810000
X540UA-DM186 (i3-6006U/4GB/1TB/FHD/Linux),5,16,5,8,4,1,1633059500
X541NA (N3350/4GB/1TB/FHD/W10),5,16,5,8,4,1,519689000
X541NA (N3350/4GB/1TB/Linux),5,16,5,8,4,1,422245000
X541NA (N4200/4GB/1TB/W10),5,16,5,8,4,1,1837622500
X541NA-GO020T (N3350/4GB/1TB/W10),5,16,5,8,4,1,457819500
X541NA-GO121 (N4200/4GB/1TB/Linux),5,16,5,8,4,1,1989761500
X541NA-GO414T (N3350/8GB/1TB/W10),5,16,5,13,4,1,1787120500
X541NA-PD1003Y (N4200/4GB/500GB/W10),5,16,5,8,4,1,418166000
X541UA-DM1897 (i3-6006U/4GB/256GB/FHD/Linux),5,16,5,8,4,1,1707076000
X541UV-DM1439T (i3-7100U/6GB/256GB/GeForce,5,16,5,10,5,1,4456878500
X542UQ-DM117 (i3-7100U/8GB/1TB/GeForce,5,16,5,13,5,1,6749996000
X542UQ-GO005 (i5-7200U/8GB/1TB/GeForce,5,16,5,13,5,1,3392758000
X550VX-XX015D (i5-6300HQ/4GB/1TB/GeForce,5,16,5,8,5,1,6828455000
X553SA-XX021T (N3050/4GB/500GB/W10),5,16,5,8,4,1,1454195500
X553SA-XX031T (N3050/4GB/500GB/W10),5,16,5,8,4,1,5040419000
X555BP-XX180T (A9-9420/4GB/1TB/Radeon,5,16,4,8,2,1,1699500000
X555QG-DM242T (A10-9620P/4GB/1TB,5,16,4,8,2,1,4060669000
X556UJ-XO044T (i7-6500U/4GB/500GB/GeForce,5,16,5,8,5,1,35451988000
X705UV-BX074T (i3-6006U/4GB/1TB/GeForce,5,18,5,8,5,1,3982342000
X751NV-TY001 (N4200/4GB/1TB/GeForce,5,18,5,8,5,1,3556258000
X751NV-TY001T (N4200/4GB/1TB/GeForce,5,18,5,8,5,1,2122618500
X751SV-TY001T (N3710/4GB/1TB/GeForce,5,18,5,8,5,1,4031362500
XPS 13,7,9,5,13,4,1,374982927500
XPS 15,7,16,5,13,5,1,58363416500
Yoga 11e,13,4,5,8,4,1,4171831000
Yoga 500-14IBD,13,12,5,8,4,1,16778285500
Yoga 500-14ISK,13,12,5,8,4,1,21974280500
Yoga 500-15ISK,13,16,5,8,4,1,34071990000
Yoga 510-15IKB,13,16,5,13,2,1,21700691000
Yoga 520-14IKB,13,12,5,13,4,1,25831626500
Yoga 700-11ISK,13,3,5,13,4,1,21720241000
Yoga 720-13IKB,13,9,5,13,4,1,19227957500
Yoga 720-15IKB,13,16,5,3,5,0,42983058500
Yoga 730,13,9,5,13,4,1,18909276500
Yoga 900-13ISK,13,9,5,3,4,0,83577873000
Yoga 900S-12ISK,13,7,5,13,4,1,16710642000
Yoga 910-13IKB,13,11,5,13,4,1,47908590000
Yoga 920-13IKB,13,11,5,13,4,1,38269384000
Yoga Book,13,2,5,8,4,1,15786179500
Zbook 15,10,16,5,13,5,1,29606813000
ZBook 15u,10,16,5,13,2,1,61763160500
ZBook 17,10,18,5,13,5,1,37431626000
Zbook 17,10,18,5,3,5,0,6819958000
ZBook Studio,10,16,5,13,5,1,10562847000
Zenbook 3,5,12,5,13,4,1,30339317000
ZenBook 3,5,12,5,3,4,0,8638551000
ZenBook Flip,5,9,5,13,4,1,96989619000
Zenbook Flip,5,9,5,3,4,0,11420799500
ZenBook Pro,5,16,5,2,4,0,29834167500
ZenBook UX305CA-UBM1,5,9,5,13,4,1,33356017500
ZenBook UX310UA-FB485T,5,9,5,13,4,1,22704179000
ZenBook UX310UA-WB71,5,9,5,13,4,1,20616574000
ZenBook UX310UQ-GL026T,5,9,5,13,5,1,23897938000
Zenbook UX330UA-AH5Q,5,9,5,13,4,1,22165812000
Zenbook UX390UA,5,7,5,3,4,0,8327939500
Zenbook UX410UA-GV027T,5,12,5,13,4,1,21882716000
ZenBook UX410UA-GV183T,5,12,5,13,4,1,23299338000
Zenbook UX430UA,5,12,5,13,4,1,43551834500
ZenBook UX430UN,5,12,5,3,5,0,17014844500
Zenbook UX510UW-FI095T,5,16,5,13,5,1,21120752500
ZenBook UX510UX-CN211T,5,16,5,13,4,1,19016790000
ZenBook UX530UQ-PRO,5,16,5,3,5,0,17471434000
